Batch_ID,Date,Sourcing_Country,Supplier_Name,Refinery_Location,Gross_Dore_Weight_KG,Expected_Purity_Pct,Actual_Gold_Extracted_KG,Transit_Days_Port_to_Refinery
MDO-2025-001,05-07-2025,Ghana,AngloGold,Rudrapur-Uttarakhand,120.450,85.50,102.632,4
MDO-2025-002,12-07-2025,Peru,Peru Artisanal,Neemrana-Rajasthan,45.200,78.20,35.210,6
MDO-2025-003,19-07-2025,UAE,Dubai Bullion,Rudrapur-Uttarakhand,150.000,91.80,137.250,2
MDO-2025-004,26-07-2025,South Africa,Sibanye-Stillwater,Neemrana-Rajasthan,85.600,88.00,74.960,5
MDO-2025-005,02-08-2025,Ghana,AngloGold,Neemrana-Rajasthan,110.150,86.00,94.310,5
MDO-2025-006,11-08-2025,Peru,Peru Artisanal,Rudrapur-Uttarakhand,38.900,79.50,30.810,7
MDO-2025-007,22-08-2025,UAE,Dubai Bullion,Neemrana-Rajasthan,135.000,91.50,123.100,3
MDO-2025-008,29-08-2025,South Africa,Sibanye-Stillwater,Rudrapur-Uttarakhand,92.400,87.50,80.510,4
MDO-2025-009,05-09-2025,Ghana,AngloGold,Rudrapur-Uttarakhand,115.800,85.20,98.240,4
MDO-2025-010,14-09-2025,Peru,Peru Artisanal,Neemrana-Rajasthan,50.000,77.80,38.710,6
MDO-2025-011,20-09-2025,UAE,Dubai Bullion,Rudrapur-Uttarakhand,142.500,92.00,130.650,2
MDO-2025-012,28-09-2025,South Africa,Sibanye-Stillwater,Neemrana-Rajasthan,88.000,88.20,77.290,5
MDO-2025-013,04-10-2025,Ghana,Alpha Mining,Rudrapur-Uttarakhand,65.400,82.00,53.420,5
MDO-2025-014,12-10-2025,Peru,Andes Gold,Neemrana-Rajasthan,72.100,80.50,57.780,6
MDO-2025-015,19-10-2025,UAE,Al-Ghaith Bullion,Rudrapur-Uttarakhand,130.000,90.50,117.200,3
MDO-2025-016,26-10-2025,South Africa,Gold Fields,Neemrana-Rajasthan,95.000,86.50,81.840,4
MDO-2025-017,03-11-2025,Ghana,Alpha Mining,Neemrana-Rajasthan,58.200,83.00,48.110,6
MDO-2025-018,10-11-2025,Peru,Andes Gold,Rudrapur-Uttarakhand,68.500,81.00,55.240,7
MDO-2025-019,18-11-2025,UAE,Al-Ghaith Bullion,Neemrana-Rajasthan,125.000,91.00,113.310,2
MDO-2025-020,25-11-2025,South Africa,Gold Fields,Rudrapur-Uttarakhand,102.000,87.00,88.380,5
MDO-2025-021,02-12-2025,Ghana,AngloGold,Rudrapur-Uttarakhand,118.000,85.80,100.820,4
MDO-2025-022,10-12-2025,Peru,Peru Artisanal,Neemrana-Rajasthan,42.000,79.00,33.020,6
MDO-2025-023,17-12-2025,UAE,Dubai Bullion,Rudrapur-Uttarakhand,148.000,91.60,135.080,2
MDO-2025-024,24-12-2025,South Africa,Sibanye-Stillwater,Neemrana-Rajasthan,90.000,87.80,78.710,5
MDO-2025-025,05-01-2026,Ghana,Alpha Mining,Rudrapur-Uttarakhand,70.000,82.50,57.510,5
MDO-2025-026,12-01-2026,Peru,Andes Gold,Neemrana-Rajasthan,64.500,80.00,51.380,7
MDO-2025-027,20-01-2026,UAE,Al-Ghaith Bullion,Rudrapur-Uttarakhand,132.000,90.80,119.390,3
MDO-2025-028,27-01-2026,South Africa,Gold Fields,Neemrana-Rajasthan,98.500,86.80,85.120,4
MDO-2025-029,03-02-2026,Ghana,AngloGold,Neemrana-Rajasthan,122.000,85.40,103.740,5
MDO-2025-030,11-02-2026,Peru,Peru Artisanal,Rudrapur-Uttarakhand,47.000,78.50,36.720,6
MDO-2025-031,18-02-2026,UAE,Dubai Bullion,Neemrana-Rajasthan,145.000,91.90,132.780,3
MDO-2025-032,26-02-2026,South Africa,Sibanye-Stillwater,Rudrapur-Uttarakhand,86.500,88.10,75.920,4
MDO-2025-033,04-03-2026,Ghana,Alpha Mining,Neemrana-Rajasthan,62.000,83.20,51.360,6
MDO-2025-034,12-03-2026,Peru,Andes Gold,Rudrapur-Uttarakhand,71.000,80.80,57.120,7
MDO-2025-035,20-03-2026,UAE,Al-Ghaith Bullion,Neemrana-Rajasthan,128.000,90.20,115.020,2
MDO-2025-036,27-03-2026,South Africa,Gold Fields,Rudrapur-Uttarakhand,105.000,87.20,91.140,5
MDO-2025-037,03-04-2026,Ghana,AngloGold,Rudrapur-Uttarakhand,114.000,86.00,97.640,4
MDO-2025-038,10-04-2026,Peru,Peru Artisanal,Neemrana-Rajasthan,49.500,78.00,38.450,6
MDO-2025-039,18-04-2026,UAE,Dubai Bullion,Rudrapur-Uttarakhand,150.000,91.50,136.750,2
MDO-2025-040,25-04-2026,South Africa,Sibanye-Stillwater,Neemrana-Rajasthan,94.000,87.60,81.980,5
MDO-2025-041,02-05-2026,Ghana,Alpha Mining,Rudrapur-Uttarakhand,68.000,82.80,56.050,5
MDO-2025-042,09-05-2026,Peru,Andes Gold,Neemrana-Rajasthan,66.000,81.20,53.350,6
MDO-2025-043,17-05-2026,UAE,Al-Ghaith Bullion,Rudrapur-Uttarakhand,135.000,90.60,121.840,3
MDO-2025-044,24-05-2026,South Africa,Gold Fields,Neemrana-Rajasthan,101.000,86.90,87.410,4
MDO-2025-045,02-06-2026,Ghana,AngloGold,Neemrana-Rajasthan,125.000,85.70,106.690,5
MDO-2025-046,10-06-2026,Peru,Peru Artisanal,Rudrapur-Uttarakhand,52.000,78.30,40.510,7
MDO-2025-047,18-06-2026,UAE,Dubai Bullion,Neemrana-Rajasthan,140.000,91.70,127.890,2
MDO-2025-048,25-06-2026,South Africa,Sibanye-Stillwater,Rudrapur-Uttarakhand,89.000,87.90,77.920,4
MDO-2026-049,08-07-2025,Ghana,Alpha Mining,Rudrapur-Uttarakhand,112.500,84.50,94.610,4
MDO-2026-050,15-07-2025,Peru,Andes Gold,Neemrana-Rajasthan,55.300,79.10,43.520,6
MDO-2026-051,22-07-2025,UAE,Al-Ghaith Bullion,Rudrapur-Uttarakhand,145.000,90.20,130.220,3
MDO-2026-052,29-07-2025,South Africa,Gold Fields,Neemrana-Rajasthan,92.100,87.30,80.010,5
MDO-2026-053,05-08-2025,Ghana,Alpha Mining,Neemrana-Rajasthan,118.400,85.10,100.250,5
MDO-2026-054,14-08-2025,Peru,Andes Gold,Rudrapur-Uttarakhand,42.600,78.80,33.390,7
MDO-2026-055,25-08-2025,UAE,Al-Ghaith Bullion,Neemrana-Rajasthan,138.200,91.10,125.320,2
MDO-2026-056,01-09-2025,South Africa,Gold Fields,Rudrapur-Uttarakhand,96.800,86.90,83.710,4
MDO-2026-057,08-09-2025,Ghana,Alpha Mining,Rudrapur-Uttarakhand,121.200,84.80,102.240,4
MDO-2026-058,17-09-2025,Peru,Andes Gold,Neemrana-Rajasthan,58.400,78.20,45.420,6
MDO-2026-059,23-09-2025,UAE,Al-Ghaith Bullion,Rudrapur-Uttarakhand,140.500,91.50,127.940,3
MDO-2026-060,01-10-2025,South Africa,Gold Fields,Neemrana-Rajasthan,91.300,87.90,79.880,5
MDO-2026-061,07-10-2025,Ghana,AngloGold,Rudrapur-Uttarakhand,72.500,83.40,60.180,5
MDO-2026-062,15-10-2025,Peru,Peru Artisanal,Neemrana-Rajasthan,78.900,81.20,63.760,6
MDO-2026-063,22-10-2025,UAE,Dubai Bullion,Rudrapur-Uttarakhand,135.600,91.20,123.110,2
MDO-2026-064,29-10-2025,South Africa,Sibanye-Stillwater,Neemrana-Rajasthan,99.200,87.10,86.010,4
MDO-2026-065,06-11-2025,Ghana,AngloGold,Neemrana-Rajasthan,64.300,84.10,53.810,6
MDO-2026-066,13-11-2025,Peru,Peru Artisanal,Rudrapur-Uttarakhand,74.100,82.30,60.680,7
MDO-2026-067,21-11-2025,UAE,Dubai Bullion,Neemrana-Rajasthan,129.400,91.60,118.020,3
MDO-2026-068,28-11-2025,South Africa,Sibanye-Stillwater,Rudrapur-Uttarakhand,106.500,87.80,93.080,5
MDO-2026-069,05-12-2025,Ghana,Alpha Mining,Rudrapur-Uttarakhand,122.300,86.20,104.910,4
MDO-2026-070,13-12-2025,Peru,Andes Gold,Neemrana-Rajasthan,48.200,80.10,38.410,6
MDO-2026-071,20-12-2025,UAE,Al-Ghaith Bullion,Rudrapur-Uttarakhand,152.400,92.00,139.610,2
MDO-2026-072,27-12-2025,South Africa,Gold Fields,Neemrana-Rajasthan,94.600,88.40,83.220,5
MDO-2026-073,08-01-2026,Ghana,AngloGold,Rudrapur-Uttarakhand,76.200,83.10,63.020,5
MDO-2026-074,15-01-2026,Peru,Peru Artisanal,Neemrana-Rajasthan,69.100,80.90,55.620,7
MDO-2026-075,23-01-2026,UAE,Dubai Bullion,Rudrapur-Uttarakhand,137.500,91.30,124.960,3
MDO-2026-076,30-01-2026,South Africa,Sibanye-Stillwater,Neemrana-Rajasthan,102.400,87.20,88.890,4
MDO-2026-077,06-02-2026,Ghana,Alpha Mining,Neemrana-Rajasthan,126.400,85.90,108.060,5
MDO-2026-078,14-02-2026,Peru,Andes Gold,Rudrapur-Uttarakhand,52.300,79.20,41.210,6
MDO-2026-079,21-02-2026,UAE,Al-Ghaith Bullion,Neemrana-Rajasthan,149.200,92.00,136.650,3
MDO-2026-080,28-02-2026,South Africa,Gold Fields,Rudrapur-Uttarakhand,90.100,88.50,79.330,4
MDO-2026-081,07-03-2026,Ghana,AngloGold,Neemrana-Rajasthan,68.400,84.20,57.320,6
MDO-2026-082,15-03-2026,Peru,Peru Artisanal,Rudrapur-Uttarakhand,76.200,81.50,61.780,7
MDO-2026-083,23-03-2026,UAE,Dubai Bullion,Neemrana-Rajasthan,132.500,90.80,119.780,2
MDO-2026-084,30-03-2026,South Africa,Sibanye-Stillwater,Rudrapur-Uttarakhand,109.200,87.60,95.180,5
MDO-2026-085,06-04-2026,Ghana,Alpha Mining,Rudrapur-Uttarakhand,118.200,86.50,101.740,4
MDO-2026-086,13-04-2026,Peru,Andes Gold,Neemrana-Rajasthan,54.200,78.90,42.540,6
MDO-2026-087,21-04-2026,UAE,Al-Ghaith Bullion,Rudrapur-Uttarakhand,154.600,91.80,141.250,2
MDO-2026-088,28-04-2026,South Africa,Gold Fields,Neemrana-Rajasthan,98.200,88.10,86.080,5
MDO-2026-089,05-05-2026,Ghana,AngloGold,Rudrapur-Uttarakhand,72.600,83.50,60.320,5
MDO-2026-090,12-05-2026,Peru,Peru Artisanal,Neemrana-Rajasthan,70.500,81.90,57.440,6
MDO-2026-091,20-05-2026,UAE,Dubai Bullion,Rudrapur-Uttarakhand,139.200,91.10,126.240,3
MDO-2026-092,27-05-2026,South Africa,Sibanye-Stillwater,Neemrana-Rajasthan,105.400,87.40,91.720,4
MDO-2026-093,05-06-2026,Ghana,Alpha Mining,Neemrana-Rajasthan,129.100,86.10,110.610,5
MDO-2026-094,13-06-2026,Peru,Andes Gold,Rudrapur-Uttarakhand,56.400,79.00,44.310,7
MDO-2026-095,21-06-2026,UAE,Al-Ghaith Bullion,Neemrana-Rajasthan,144.500,91.90,132.220,2
MDO-2026-096,28-06-2026,South Africa,Gold Fields,Rudrapur-Uttarakhand,93.400,88.20,81.950,4
MDO-2027-097,10-07-2025,Ghana,AngloGold,Rudrapur-Uttarakhand,122.400,85.60,104.280,4
MDO-2027-098,17-07-2025,Peru,Peru Artisanal,Neemrana-Rajasthan,47.100,78.40,36.720,6
MDO-2027-099,24-07-2025,UAE,Dubai Bullion,Rudrapur-Uttarakhand,149.500,91.90,136.750,2
MDO-2027-100,01-08-2025,South Africa,Sibanye-Stillwater,Neemrana-Rajasthan,87.200,88.10,76.450,5
MDO-2027-101,08-08-2025,Ghana,AngloGold,Neemrana-Rajasthan,112.300,86.20,96.340,5
MDO-2027-102,18-08-2025,Peru,Peru Artisanal,Rudrapur-Uttarakhand,40.200,79.80,31.920,7
MDO-2027-103,26-08-2025,UAE,Dubai Bullion,Neemrana-Rajasthan,137.400,91.70,125.440,3
MDO-2027-104,03-09-2025,South Africa,Sibanye-Stillwater,Rudrapur-Uttarakhand,94.100,87.70,82.110,4
MDO-2027-105,11-09-2025,Ghana,AngloGold,Rudrapur-Uttarakhand,117.200,85.40,99.640,4
MDO-2027-106,18-09-2025,Peru,Peru Artisanal,Neemrana-Rajasthan,52.100,77.90,40.350,6
MDO-2027-107,25-09-2025,UAE,Dubai Bullion,Rudrapur-Uttarakhand,144.100,92.00,132.020,2
MDO-2027-108,02-10-2025,South Africa,Sibanye-Stillwater,Neemrana-Rajasthan,89.500,88.30,78.640,5
MDO-2027-109,09-10-2025,Ghana,Alpha Mining,Rudrapur-Uttarakhand,67.200,82.20,54.960,5
MDO-2027-110,16-10-2025,Peru,Andes Gold,Neemrana-Rajasthan,74.300,80.70,59.620,6
MDO-2027-111,23-10-2025,UAE,Al-Ghaith Bullion,Rudrapur-Uttarakhand,132.400,90.70,119.540,3
MDO-2027-112,30-10-2025,South Africa,Gold Fields,Neemrana-Rajasthan,97.100,86.70,83.780,4
MDO-2027-113,05-11-2025,Ghana,Alpha Mining,Neemrana-Rajasthan,60.100,83.20,49.760,6
MDO-2027-114,12-11-2025,Peru,Andes Gold,Rudrapur-Uttarakhand,70.200,81.20,56.740,7
MDO-2027-115,19-11-2025,UAE,Al-Ghaith Bullion,Neemrana-Rajasthan,127.200,91.20,115.440,2
MDO-2027-116,26-11-2025,South Africa,Gold Fields,Rudrapur-Uttarakhand,104.100,87.20,90.340,5
MDO-2027-117,04-12-2025,Ghana,AngloGold,Rudrapur-Uttarakhand,120.200,85.90,102.780,4
MDO-2027-118,11-12-2025,Peru,Peru Artisanal,Neemrana-Rajasthan,44.100,79.20,34.680,6
MDO-2027-119,18-12-2025,UAE,Dubai Bullion,Rudrapur-Uttarakhand,150.200,91.70,137.140,2
MDO-2027-120,25-12-2025,South Africa,Sibanye-Stillwater,Neemrana-Rajasthan,92.100,87.90,80.540,5
MDO-2027-121,07-01-2026,Ghana,Alpha Mining,Rudrapur-Uttarakhand,72.100,82.70,59.340,5
MDO-2027-122,14-01-2026,Peru,Andes Gold,Neemrana-Rajasthan,66.300,80.20,52.840,7
MDO-2027-123,21-01-2026,UAE,Al-Ghaith Bullion,Rudrapur-Uttarakhand,134.100,90.90,121.340,3
MDO-2027-124,28-01-2026,South Africa,Gold Fields,Neemrana-Rajasthan,100.200,86.90,86.640,4
MDO-2027-125,05-02-2026,Ghana,AngloGold,Neemrana-Rajasthan,124.100,85.50,105.640,5
MDO-2027-126,12-02-2026,Peru,Peru Artisanal,Rudrapur-Uttarakhand,49.200,78.60,38.440,6
MDO-2027-127,19-02-2026,UAE,Dubai Bullion,Neemrana-Rajasthan,147.200,92.00,134.840,3
MDO-2027-128,27-02-2026,South Africa,Sibanye-Stillwater,Rudrapur-Uttarakhand,88.400,88.20,77.540,4
MDO-2027-129,06-03-2026,Ghana,Alpha Mining,Neemrana-Rajasthan,64.200,83.40,53.240,6
MDO-2027-130,13-03-2026,Peru,Andes Gold,Rudrapur-Uttarakhand,73.100,80.90,58.840,7
MDO-2027-131,21-03-2026,UAE,Al-Ghaith Bullion,Neemrana-Rajasthan,130.100,90.30,116.940,2
MDO-2027-132,28-03-2026,South Africa,Gold Fields,Rudrapur-Uttarakhand,107.200,87.30,93.140,5
MDO-2027-133,05-04-2026,Ghana,AngloGold,Rudrapur-Uttarakhand,116.100,86.10,99.540,4
MDO-2027-134,12-04-2026,Peru,Peru Artisanal,Neemrana-Rajasthan,51.200,78.10,39.640,6
MDO-2027-135,19-04-2026,UAE,Dubai Bullion,Rudrapur-Uttarakhand,152.100,91.60,138.840,2
MDO-2027-136,26-04-2026,South Africa,Sibanye-Stillwater,Neemrana-Rajasthan,96.100,87.70,83.840,5
MDO-2027-137,04-05-2026,Ghana,Alpha Mining,Rudrapur-Uttarakhand,70.200,82.90,57.840,5
MDO-2027-138,11-05-2026,Peru,Andes Gold,Neemrana-Rajasthan,68.200,81.30,55.140,6
MDO-2027-139,19-05-2026,UAE,Al-Ghaith Bullion,Rudrapur-Uttarakhand,137.100,90.70,123.940,3
MDO-2027-140,25-05-2026,South Africa,Gold Fields,Neemrana-Rajasthan,103.200,87.10,89.440,4
MDO-2027-141,04-06-2026,Ghana,AngloGold,Neemrana-Rajasthan,127.200,85.80,108.640,5
MDO-2027-142,11-06-2026,Peru,Peru Artisanal,Rudrapur-Uttarakhand,54.100,78.40,42.140,7
MDO-2027-143,19-06-2026,UAE,Dubai Bullion,Neemrana-Rajasthan,142.100,91.80,129.940,2
MDO-2027-144,26-06-2026,South Africa,Sibanye-Stillwater,Rudrapur-Uttarakhand,91.200,88.00,79.840,4
MDO-2028-145,11-07-2025,Ghana,Alpha Mining,Rudrapur-Uttarakhand,114.200,84.70,96.340,4
MDO-2028-146,18-07-2025,Peru,Andes Gold,Neemrana-Rajasthan,57.200,79.30,45.140,6
MDO-2028-147,25-07-2025,UAE,Al-Ghaith Bullion,Rudrapur-Uttarakhand,147.200,90.40,132.640,3
MDO-2028-148,02-08-2025,South Africa,Gold Fields,Neemrana-Rajasthan,94.200,87.50,82.140,5
MDO-2028-149,09-08-2025,Ghana,Alpha Mining,Neemrana-Rajasthan,120.200,85.30,102.140,5
MDO-2028-150,19-08-2025,Peru,Andes Gold,Rudrapur-Uttarakhand,44.200,79.00,34.640,7
MDO-2028-151,27-08-2025,UAE,Al-Ghaith Bullion,Neemrana-Rajasthan,140.200,91.30,127.540,2
MDO-2028-152,04-09-2025,South Africa,Gold Fields,Rudrapur-Uttarakhand,98.200,87.10,85.140,4
MDO-2028-153,12-09-2025,Ghana,Alpha Mining,Rudrapur-Uttarakhand,123.200,85.00,104.340,4
MDO-2028-154,19-09-2025,Peru,Andes Gold,Neemrana-Rajasthan,60.200,78.40,46.940,6
MDO-2028-155,26-09-2025,UAE,Al-Ghaith Bullion,Rudrapur-Uttarakhand,142.200,91.70,130.140,3
MDO-2028-156,03-10-2025,South Africa,Gold Fields,Neemrana-Rajasthan,93.200,88.10,81.740,5
MDO-2028-157,10-10-2025,Ghana,AngloGold,Rudrapur-Uttarakhand,74.200,83.60,61.640,5
MDO-2028-158,17-10-2025,Peru,Peru Artisanal,Neemrana-Rajasthan,80.200,81.40,65.140,6
MDO-2028-159,24-10-2025,UAE,Dubai Bullion,Rudrapur-Uttarakhand,137.200,91.40,124.940,2
MDO-2028-160,31-10-2025,South Africa,Sibanye-Stillwater,Neemrana-Rajasthan,101.200,87.30,87.940,4
MDO-2028-161,07-11-2025,Ghana,AngloGold,Neemrana-Rajasthan,66.200,84.30,55.340,6
MDO-2028-162,14-11-2025,Peru,Peru Artisanal,Rudrapur-Uttarakhand,76.200,82.50,62.440,7
MDO-2028-163,22-11-2025,UAE,Dubai Bullion,Neemrana-Rajasthan,131.200,91.80,120.140,3
MDO-2028-164,29-11-2025,South Africa,Sibanye-Stillwater,Rudrapur-Uttarakhand,108.200,88.00,94.740,5
MDO-2028-165,06-12-2025,Ghana,Alpha Mining,Rudrapur-Uttarakhand,124.200,86.40,106.940,4
MDO-2028-166,14-12-2025,Peru,Andes Gold,Neemrana-Rajasthan,50.200,80.30,39.940,6
MDO-2028-167,21-12-2025,UAE,Al-Ghaith Bullion,Rudrapur-Uttarakhand,154.200,92.00,141.340,2
MDO-2028-168,28-12-2025,South Africa,Gold Fields,Neemrana-Rajasthan,96.200,88.60,84.740,5
MDO-2028-169,09-01-2026,Ghana,AngloGold,Rudrapur-Uttarakhand,78.200,83.30,64.640,5
MDO-2028-170,16-01-2026,Peru,Peru Artisanal,Neemrana-Rajasthan,71.200,81.10,57.340,7
MDO-2028-171,24-01-2026,UAE,Dubai Bullion,Rudrapur-Uttarakhand,139.200,91.50,126.840,3
MDO-2028-172,31-01-2026,South Africa,Sibanye-Stillwater,Neemrana-Rajasthan,104.200,87.40,90.640,4
MDO-2028-173,07-02-2026,Ghana,Alpha Mining,Neemrana-Rajasthan,128.200,86.10,109.940,5
MDO-2028-174,15-02-2026,Peru,Andes Gold,Rudrapur-Uttarakhand,54.200,79.40,42.640,6
MDO-2028-175,22-02-2026,UAE,Al-Ghaith Bullion,Neemrana-Rajasthan,151.200,92.00,138.640,3
MDO-2028-176,01-03-2026,South Africa,Gold Fields,Rudrapur-Uttarakhand,92.200,88.70,81.340,4
MDO-2028-177,08-03-2026,Ghana,AngloGold,Neemrana-Rajasthan,70.200,84.40,58.840,6
MDO-2028-178,16-03-2026,Peru,Peru Artisanal,Rudrapur-Uttarakhand,78.200,81.70,63.440,7
MDO-2028-179,24-03-2026,UAE,Dubai Bullion,Neemrana-Rajasthan,134.200,91.00,121.640,2
MDO-2028-180,31-03-2026,South Africa,Sibanye-Stillwater,Rudrapur-Uttarakhand,111.200,87.80,97.140,5
MDO-2028-181,07-04-2026,Ghana,Alpha Mining,Rudrapur-Uttarakhand,120.200,86.70,103.740,4
MDO-2028-182,14-04-2026,Peru,Andes Gold,Neemrana-Rajasthan,56.200,79.10,43.940,6
MDO-2028-183,22-04-2026,UAE,Al-Ghaith Bullion,Rudrapur-Uttarakhand,156.200,91.90,142.940,2
MDO-2028-184,29-04-2026,South Africa,Gold Fields,Neemrana-Rajasthan,100.200,88.30,88.040,5
MDO-2028-185,06-05-2026,Ghana,AngloGold,Rudrapur-Uttarakhand,74.200,83.70,61.640,5
MDO-2028-186,13-05-2026,Peru,Peru Artisanal,Neemrana-Rajasthan,72.200,82.10,58.940,6
MDO-2028-187,21-05-2026,UAE,Dubai Bullion,Rudrapur-Uttarakhand,141.200,91.30,128.340,3
MDO-2028-188,28-05-2026,South Africa,Sibanye-Stillwater,Neemrana-Rajasthan,107.200,87.60,93.440,4
MDO-2028-189,06-06-2026,Ghana,Alpha Mining,Neemrana-Rajasthan,131.200,86.30,112.840,5
MDO-2028-190,14-06-2026,Peru,Andes Gold,Rudrapur-Uttarakhand,58.200,79.20,45.640,7
MDO-2028-191,22-06-2026,UAE,Al-Ghaith Bullion,Neemrana-Rajasthan,146.200,92.00,133.940,2
MDO-2028-192,29-06-2026,South Africa,Gold Fields,Rudrapur-Uttarakhand,95.200,88.40,83.640,4
